reg_i2c_set,0x000,4
reg_i2c_speed,0x000,1
reg_i2c_id,0x001,1
reg_i2c_status,0x002,1
reg_i2c_mode,0x003,1
reg_i2c_adr_dat,0x004,2
reg_i2c_dat_ctrl,0x004,4
reg_i2c_di_ctrl,0x006,2
reg_i2c_adr,0x004,1
reg_i2c_do,0x005,1
reg_i2c_di,0x006,1
reg_i2c_ctrl,0x007,1
reg_i2c_map_hadr,0x0e0,1
reg_i2c_slave_map_addrl,0x0e1,1
reg_i2c_slave_map_addrm,0x0e2,1
reg_i2c_slave_map_addrh,0x0e3,1
reg_i2c_slave_irq_status,0x0e4,1
reg_spi_slave_irq_status,0x0e4,1
reg_i2c_map_host_status,0x0e4,1
reg_i2c_map_read0,0x0e5,1
reg_i2c_map_read1,0x0e6,1
reg_i2c_map_read2,0x0e7,1
reg_spi_data,0x008,1
reg_spi_ctrl,0x009,1
reg_spi_sp,0x00a,1
reg_spi_inv_clk,0x00b,1
reg_mspi_data,0x00c,1
reg_mspi_ctrl,0x00d,1
reg_mspi_mode,0x00f,1
reg_rst0,0x060,1
reg_rst1,0x061,1
reg_rst2,0x062,1
reg_clk_en0,0x063,1
reg_clk_en1,0x064,1
reg_clk_en2,0x065,1
reg_clk_sel,0x066,1
reg_i2s_step,0x067,1
reg_i2s_mod,0x068,1
reg_codec_clk_step,0x06c,1
reg_codec_clk_mod,0x06d,1
reg_wakeup_en,0x06e,1
reg_pwdn_ctrl,0x06f,1
reg_mcu_wakeup_mask,0x078,4
reg_7816_clk_div,0x07b,1
reg_uart_data_buf0,0x090,1
reg_uart_data_buf1,0x091,1
reg_uart_data_buf2,0x092,1
reg_uart_data_buf3,0x093,1
reg_uart_clk_div,0x094,2
reg_uart_ctrl0,0x096,1
reg_uart_ctrl1,0x097,1
reg_uart_ctrl2,0x098,2
reg_uart_ctrl3,0x099,1
reg_uart_rx_timeout0,0x09a,1
reg_uart_rx_timeout1,0x09b,1
reg_uart_buf_cnt,0x09c,1
reg_uart_status0,0x09d,1
reg_uart_status1,0x09e,1
reg_uart_state,0x09f,1
reg_il_run,0x0a0,1
reg_il_cfg0,0x0a1,1
reg_il_cfg1,0x0a2,1
reg_il_carry_stat,0x0a3,1
reg_il_mask_0,0x0a4,1
reg_il_mask_1,0x0a5,1
reg_il_cnt_low,0x0a6,1
reg_il_cnt_high,0x0a7,1
reg_il_high_0,0x0a8,4
reg_il_high_1,0x0a9,4
reg_il_high_2,0x0aa,4
reg_il_cycle_0,0x0ac,4
reg_il_cycle_1,0x0ad,4
reg_il_cycle_2,0x0ae,4
reg_swire_data,0x0b0,1
reg_swire_ctl,0x0b1,1
reg_swire_ctl2,0x0b2,1
reg_swire_id,0x0b3,1
reg_ana_ctrl32,0x0b8,4
reg_ana_addr_data,0x0b8,2
reg_ana_addr,0x0b8,1
reg_ana_data,0x0b9,1
reg_ana_ctrl,0x0ba,1
reg_ctrl_ep_ptr,0x100,1
reg_ctrl_ep_dat,0x101,1
reg_ctrl_ep_ctrl,0x102,1
reg_ctrl_ep_irq_sta,0x103,1
reg_ctrl_ep_irq_mode,0x104,1
reg_usb_ctrl,0x105,1
reg_usb_cyc_cali,0x106,2
reg_usb_mdev,0x10a,1
reg_usb_host_conn,0x10b,1
reg_usb_sups_cyc_cali,0x10c,1
reg_usb_intf_alt,0x10d,1
reg_usb_ep_en,0x10e,1
reg_usb_ep8123_ptr,0x110,4
reg_usb_ep8_ptr,0x110,1
reg_usb_ep1_ptr,0x111,1
reg_usb_ep2_ptr,0x112,1
reg_usb_ep3_ptr,0x113,1
reg_usb_ep4567_ptr,0x114,4
reg_usb_ep4_ptr,0x114,1
reg_usb_ep5_ptr,0x115,1
reg_usb_ep6_ptr,0x116,1
reg_usb_ep7_ptr,0x117,1
reg_usb_ep8123_dat,0x118,4
reg_usb_ep8_dat,0x118,1
reg_usb_ep1_dat,0x119,1
reg_usb_ep2_dat,0x11a,1
reg_usb_ep3_dat,0x11b,1
reg_usb_ep4567_dat,0x11c,4
reg_usb_ep4_dat,0x11c,1
reg_usb_ep5_dat,0x11d,1
reg_usb_ep6_dat,0x11e,1
reg_usb_ep7_dat,0x11f,1
reg_usb_mic_dat0,0x1800,2
reg_usb_mic_dat1,0x1802,2
reg_usb_ep8_ctrl,0x120,1
reg_usb_ep1_ctrl,0x121,1
reg_usb_ep2_ctrl,0x122,1
reg_usb_ep3_ctrl,0x123,1
reg_usb_ep4_ctrl,0x124,1
reg_usb_ep5_ctrl,0x125,1
reg_usb_ep6_ctrl,0x126,1
reg_usb_ep7_ctrl,0x127,1
reg_usb_ep8123_buf_addr,0x128,4
reg_usb_ep8_buf_addr,0x128,1
reg_usb_ep1_buf_addr,0x129,1
reg_usb_ep2_buf_addr,0x12a,1
reg_usb_ep3_buf_addr,0x12b,1
reg_usb_ep4567_buf_addr,0x12c,4
reg_usb_ep4_buf_addr,0x12c,1
reg_usb_ep5_buf_addr,0x12d,1
reg_usb_ep6_buf_addr,0x12e,1
reg_usb_ep7_buf_addr,0x12f,1
reg_usb_ram_ctrl,0x130,1
reg_usb_iso_mode,0x138,1
reg_usb_irq,0x139,1
reg_usb_mask,0x13a,1
reg_usb_ep8_send_max,0x13b,1
reg_usb_ep8_send_thres,0x13c,1
reg_usb_ep8_fifo_mode,0x13d,1
reg_usb_ep_max_size,0x13e,1
reg_rf_acc_len,0x405,1
reg_rf_timestamp,0x450,4
reg_aes_ctrl,0x540,1
reg_aes_data,0x548,4
reg_audio_ctrl,0x560,1
reg_pwm_ctrl,0x563,1
reg_ascl_tune,0x564,4
reg_ascl_tune0,0x564,1
reg_ascl_tune1,0x565,1
reg_ascl_tune2,0x566,1
reg_ascl_tune3,0x567,1
reg_pn1_left,0x568,1
reg_pn2_left,0x569,1
reg_pn1_right,0x56a,1
reg_pn2_right,0x56b,1
reg_gpio_pa_in,0x580,1
reg_gpio_pa_ie,0x581,1
reg_gpio_pa_oen,0x582,1
reg_gpio_pa_out,0x583,1
reg_gpio_pa_pol,0x584,1
reg_gpio_pa_ds,0x585,1
reg_gpio_pa_gpio,0x586,1
reg_gpio_pa_irq_en,0x587,1
reg_gpio_pb_in,0x588,1
reg_gpio_pb_ie,0x589,1
reg_gpio_pb_oen,0x58a,1
reg_gpio_pb_out,0x58b,1
reg_gpio_pb_pol,0x58c,1
reg_gpio_pb_ds,0x58d,1
reg_gpio_pb_gpio,0x58e,1
reg_gpio_pb_irq_en,0x58f,1
reg_gpio_pc_in,0x590,1
reg_gpio_pc_oen,0x592,1
reg_gpio_pc_out,0x593,1
reg_gpio_pc_pol,0x594,1
reg_gpio_pc_gpio,0x596,1
reg_gpio_pc_irq_en,0x597,1
reg_gpio_pd_in,0x598,1
reg_gpio_pd_ie,0x599,1
reg_gpio_pd_oen,0x59a,1
reg_gpio_pd_out,0x59b,1
reg_gpio_pd_pol,0x59c,1
reg_gpio_pd_ds,0x59d,1
reg_gpio_pd_gpio,0x59e,1
reg_gpio_pd_irq_en,0x59f,1
reg_gpio_pe_in,0x5a0,1
reg_gpio_pe_ie,0x5a1,1
reg_gpio_pe_oen,0x5a2,1
reg_gpio_pe_out,0x5a3,1
reg_gpio_pe_pol,0x5a4,1
reg_gpio_pe_ds,0x5a5,1
reg_gpio_pe_gpio,0x5a6,1
reg_gpio_pe_irq_en,0x5a7,1
reg_gpio_pa_setting1,0x580,4
reg_gpio_pa_setting2,0x584,4
reg_gpio_pb_setting1,0x588,4
reg_gpio_pb_setting2,0x58c,4
reg_gpio_pd_setting1,0x598,4
reg_gpio_pd_setting2,0x59c,4
reg_mux_func_a1,0x5a8,1
reg_mux_func_a2,0x5a9,1
reg_mux_func_b1,0x5aa,1
reg_mux_func_b2,0x5ab,1
reg_mux_func_c1,0x5ac,1
reg_mux_func_c2,0x5ad,1
reg_mux_func_d1,0x5ae,1
reg_mux_func_d2,0x5af,1
reg_pb_dbg_en,0x5b1,1
reg_wife_io_sel,0x5b4,1
reg_gpio_wakeup_irq,0x5b5,1
reg_pin_i2c_spi_out_en,0x5b6,1
reg_pin_i2c_spi_en,0x5b7,1
reg_tmr_ctrl,0x620,4
reg_tmr_ctrl16,0x620,2
reg_tmr_ctrl8,0x620,1
reg_wd_ctrl1,0x622,1
reg_tmr_sta,0x623,1
reg_tmr0_capt,0x624,4
reg_tmr1_capt,0x628,4
reg_tmr2_capt,0x62c,4
reg_tmr0_tick,0x630,4
reg_tmr1_tick,0x634,4
reg_tmr2_tick,0x638,4
reg_irq_mask,0x640,4
reg_irq_pri,0x644,4
reg_irq_src,0x648,4
reg_irq_src3,0x64a,1
reg_irq_en,0x643,1
reg_system_tick,0x740,4
reg_system_tick_irq_level,0x744,4
reg_system_irq_mask,0x748,1
reg_system_cal_irq,0x749,1
reg_system_ctrl,0x74a,1
reg_system_status,0x74b,1
reg_system_32k_tick_wt,0x74c,4
reg_system_32k_tick_rd,0x750,4
reg_system_32k_tick_cal,0x754,4
reg_pwm_m_enable,0x780,2
reg_pwm_enable,0x780,1
reg_pwm0_enable,0x781,1
reg_pwm_clk,0x782,1
reg_pwm0_mode,0x783,1
reg_pwm_invert,0x784,1
reg_pwm_n_invert,0x785,1
reg_pwm_pol,0x786,1
reg_pwm0_pulse_num,0x7ac,2
reg_pwm_irq_mask,0x7b0,1
reg_pwm_irq_sta,0x7b1,1
reg_pwm0_fifo_mode_irq_mask,0x7b2,1
reg_pwm0_fifo_mode_irq_sta,0x7b3,1
reg_pwm_tcmp0_shadow,0x7c4,2
reg_pwm_tmax0_shadow,0x7c6,2
reg_pwm_ir_fifo_irq_trig_level,0x7cc,1
reg_pwm_ir_fifo_data_status,0x7cd,1
reg_pwm_ir_clr_fifo_data,0x7ce,1
reg_fifo0_data,0x800,4
reg_fifo1_data,0x900,4
reg_fifo2_data,0xa00,4
reg_dfifo0_addr,0xb00,2
reg_dfifo0_size,0xb02,1
reg_dfifo0_addHi,0xb03,1
reg_dfifo1_addr,0xb04,2
reg_dfifo1_size,0xb06,1
reg_dfifo1_addHi,0xb07,1
reg_dfifo2_addr,0xb08,2
reg_dfifo2_size,0xb0a,1
reg_dfifo2_addHi,0xb0b,1
reg_dfifo0_l_level,0xb0c,1
reg_dfifo0_h_level,0xb0d,1
reg_dfifo1_h_level,0xb0e,1
reg_dfifo2_h_level,0xb0f,1
reg_dfifo_mode,0xb10,1
reg_dfifo_ain,0xb11,1
reg_mic_ctrl,0xb12,1
reg_set_filter_para,0xb80,1
reg_dfifo_dec_ratio,0xb8a,1
reg_codec_dec_en,0xb8b,1
reg_dfifo_irq_status,0xb13,1
reg_dfifo0_rptr,0xb14,2
reg_dfifo0_wptr,0xb16,2
reg_dfifo1_rptr,0xb18,2
reg_dfifo1_wptr,0xb1a,2
reg_dfifo2_rptr,0xb1c,2
reg_dfifo2_wptr,0xb1e,2
reg_dfifo0_num,0xb20,2
reg_dfifo1_num,0xb24,2
reg_dfifo2_num,0xb28,2
reg_dfifo_manual_mode,0xb2c,1
reg_dfifo0_man_dat,0xb30,4
reg_dma0_addr,0xc00,2
reg_dma0_size,0xc02,1
reg_dma0_mode,0xc03,1
reg_dma1_addr,0xc04,2
reg_dma1_size,0xc06,1
reg_dma1_mode,0xc07,1
reg_dma2_addr,0xc08,2
reg_dma2_size,0xc0a,1
reg_dma2_mode,0xc0b,1
reg_dma3_addr,0xc0c,2
reg_dma3_size,0xc0e,1
reg_dma3_mode,0xc0f,1
reg_dma4_addr,0xc10,2
reg_dma4_size,0xc12,1
reg_dma4_mode,0xc13,1
reg_dma5_addr,0xc14,2
reg_dma5_size,0xc16,1
reg_dma5_mode,0xc17,1
reg_dma7_addr,0xc18,2
reg_dma7_size,0xc1a,1
reg_dma7_mode,0xc1b,1
reg_dma_t_addr,0xc1c,2
reg_dma_t_size,0xc1e,1
reg_dma_chn_en,0xc20,1
reg_dma_chn_irq_msk,0xc21,1
reg_dma_tx_rdy0,0xc24,1
reg_dma_tx_rdy1,0xc25,1
reg_dma_rx_rdy0,0xc26,1
reg_dma_rx_rdy1,0xc27,1
reg_dma_rx_rptr,0xc28,1
reg_dma_rx_wptr,0xc29,1
reg_dma_tx_rptr,0xc2a,1
reg_dma_tx_wptr,0xc2b,1
reg_dma_tx_fifo,0xc2c,2
reg_dma0_addrHi,0xc40,1
reg_dma1_addrHi,0xc41,1
reg_dma2_addrHi,0xc42,1
reg_dma3_addrHi,0xc43,1
reg_dma4_addrHi,0xc44,1
reg_dma5_addrHi,0xc45,1
reg_dma_ta_addrHi,0xc46,1
reg_dma_a3_addrHi,0xc47,1
reg_dma7_addrHi,0xc48,1
reg_rf_ll_ctrl_0,0xf02,1
reg_rf_ll_ctrl_1,0xf03,1
reg_rf_rx_timeout,0xf0a,2
reg_rf_ll_ctrl_2,0xf15,1
reg_rf_ll_ctrl_3,0xf16,1
reg_rf_irq_mask,0xf1c,2
reg_rf_irq_status,0xf20,2
reg_rf_fsm_timeout,0xf2c,4
reg_rf_ll_wifi_coex,0xf30,1
